MODEL_PTH,TRAIN_EPOCH_LOSS,VAL_EPOCH_LOSS
"['model0_50.pth', 607.8151550292969, 798.649169921875]","['model50_100.pth', 414.8398132324219, 604.1589965820312]"
