MODEL_PTH,TRAIN_EPOCH_LOSS,VAL_EPOCH_LOSS
"['model0_50.pth', 724.5041198730469, 780.8988647460938]","['model50_100.pth', 635.1588745117188, 750.056640625]"
